"","PathogenName","Pathogen_Harmonised","UNsubregion","CountryISO_EID2Wertheim"
"1","betacoronavirus 1","betacoronavirus 1","South America, Northern America, Eastern Asia, Northern Europe, Southern Europe, Western Europe","CN,HK,FR,DE,US,BR,KR,DK,SE,IT,GR,BE,JP"
"2","human coronavirus 229e","human coronavirus 229e",NA,NA
"3","human coronavirus oc43","human coronavirus oc43",NA,NA
"4","severe acute respiratory syndrome-related coronavirus, severe acute respiratory syndrome coronavirus","severe acute respiratory syndrome coronavirus","Eastern Asia, Central America, Northern America, South-eastern Asia, Eastern Europe, Southern Europe","CN,CA,CR,HK,RU,US,IT,TW,SG,VN"
"5","influenza a, a influenza a","influenza a","South America",NA
"6","influenza b, b influenza b","influenza b","South America",NA
"7","influenza c","influenza c","South America",NA
"8","andes","andes","South America","CL,AR,UY"
"9","australian bat lyssavirus","australian bat lyssavirus","Australia and New Zealand","AU"
"10","banna","banna",NA,NA
"11","banzi","banzi",NA,NA
"12","barmah forest","barmah forest",NA,NA
"13","bayou","bayou",NA,NA
"14","bhanja","bhanja",NA,NA
"15","black creek canal","black creek canal",NA,NA
"16","bovine papular stomatitis","bovine papular stomatitis",NA,NA
"17","bunyamwera, bunyamwera orthobunyavirus","bunyamwera","Eastern Africa, Middle Africa, Southern Africa, Western Africa","SN,GN,CI,NG,CM,CF,UG,KE,MG,ZA"
"18","bwamba, bwamba orthobunyavirus","bwamba",NA,NA
"19","california encephalitis, california encephalitis orthobunyavirus","california encephalitis",NA,NA
"20","camelpox","camelpox",NA,NA
"21","caraparu","caraparu","Caribbean, Central America, South America","PA,TT,GF,GY,SR,BR,PE"
"22","catu","catu",NA,NA
"23","cercopithecine herpesvirus 1","cercopithecine herpesvirus 1",NA,NA
"24","cercopithecine herpesvirus 12","cercopithecine herpesvirus 12",NA,NA
"25","cercopithecine herpesvirus 14","cercopithecine herpesvirus 14",NA,NA
"26","cercopithecine herpesvirus 15","cercopithecine herpesvirus 15",NA,NA
"27","cercopithecine herpesvirus 16","cercopithecine herpesvirus 16",NA,NA
"28","cercopithecine herpesvirus 17","cercopithecine herpesvirus 17",NA,NA
"29","cercopithecine herpesvirus 2","cercopithecine herpesvirus 2",NA,NA
"30","cercopithecine herpesvirus 5","cercopithecine herpesvirus 5","Eastern Asia, South-eastern Asia, Southern Asia, South America, Northern America","AF,DB,CN,IN,LA,MM,VN,JP,TH,PK,NP,BR,US"
"31","cercopithecine herpesvirus 8","cercopithecine herpesvirus 8",NA,NA
"32","cercopithecine herpesvirus 9, cercopithecine alphaherpesvirus 9","cercopithecine herpesvirus 9",NA,NA
"33","chandipura vesiculovirus, chandipura","chandipura",NA,NA
"34","changuinola","changuinola",NA,NA
"35","chikungunya","chikungunya","Eastern Africa, Middle Africa, Southern Africa, Western Africa, Eastern Asia, South-eastern Asia, Southern Asia, Melanesia, Southern Europe, Western Europe","SN,GM,GW,GN,SL,LR,CI,GH,ML,BF,TG,BJ,NE,NG,ZA,LS,BW,ZW,ZM,AO,MZ,SO,ET,KE,UG,TZ,BI,RW,IN,PK,MM,TH,LA,KH,VN,MY,PH,BN,CN,NC,TL"
"36","colorado tick fever","colorado tick fever","Northern America","CA, US"
"37","cowpox","cowpox","Eastern Europe, Northern Europe, Southern Europe, Western Europe","PT,FR,ES,GB,IT,CH,AT,BE,NL,SI,SK,RO,PL,CZ,HU,HR,BA,RS,AL,BG,MK,GR,UA,MD,BY,EE,LT,LV,NO,SE,FI"
"38","crimean-congo hemorrhagic fever, crimean-congo hemorrhagic fever nairovirus","crimean-congo hemorrhagic fever","Eastern Africa, Middle Africa, Southern Africa, Western Africa, Central Asia, Eastern Asia, Southern Asia, Western Asia, Eastern Europe, Southern Europe","MR,BF,CG,UG,KE,TZ,ZA,RU,RS,KZ,TR,BG,IR,IQ,UA,SA,OM,IN,AF,TJ,UZ,CN"
"39","dengue","dengue","Northern Africa, Eastern Africa, Middle Africa, Southern Africa, Western Africa, Caribbean, Central America, South America, Northern America, Eastern Asia, South-eastern Asia, Southern Asia, Western Asia, Australia and New Zealand, Melanesia, Micronesia, Polynesia","AG,DZ,AO,AS,BH,BB,BM,BS,BD,BZ,BO,MM,BJ,SB,BR,BN,KH,LK,CG,CD,BI,BT,KY,CM,TD,KM,CO,CR,CF,CU,CV,CK,DJ,DM,DO,EC,EG,GQ,ER,SV,ET,GF,FJ,FM,PF,GM,GA,GH,GD,GU,GT,GN,GY,HT,HN,IN,IR,IL,CI,IQ,JM,JO,KE,KI,KW,LA,LR,LY,MG,MQ,MS,ML,MA,MU,MR,OM,MV,MX,MY,MZ,MW,NC,NU,NE,AW,AI,HK,MP,MO,PS,YT,CC,IO,CX,UM,VU,NG,NP,NR,SR,NI,PY,PE,PK,PA,PG,GW,QA,RE,PH,PR,RW,SA,KN,SC,BW,SN,SL,SG,SO,LC,SD,TT,TH,TK,TO,TG,ST,TV,TZ,UG,BF,VC,VE,VG,VN,VI,WF,WS,YE,ZM,ZW,ID,GP,AN,AE,TL,PW,MH,SH,TC,EH,MF,BL,TW"
"40","dhori","dhori",NA,NA
"41","dobrava-belgrade","dobrava-belgrade","Eastern Europe, Central Asia",NA
"42","dugbe","dugbe",NA,NA
"43","duvenhage","duvenhage",NA,NA
"44","eastern equine encephalitis","eastern equine encephalitis","Caribbean, Central America, South America, Northern America","US,MX,GT,DO,JM,EC,CO,VE,TT,GY,GF,BR,AR,PE"
"45","bovine enterovirus","bovine enterovirus","Southern Africa, Northern America, Eastern Asia, Northern Europe, Western Europe","CN,BW,US,DE,GB"
"46","human enterovirus a","enterovirus a",NA,NA
"47","enterovirus b, human enterovirus b","enterovirus b",NA,NA
"48","enterovirus c","enterovirus c",NA,NA
"49","human enterovirus d","enterovirus d",NA,NA
"50","human enterovirus b","human enterovirus b","Northern Africa, Eastern Africa, Middle Africa, Western Africa, Caribbean, Central America, South America, Northern America, Central Asia, Eastern Asia, South-eastern Asia, Southern Asia, Western Asia, Eastern Europe, Northern Europe, Southern Europe, Western Europe, Australia and New Zealand","BY,GR,CY,KE,EE,CD,CN,PL,RO,IN,AU,JP,ES,DK,MA,BF,GB,DE,AR,US,OM,RU,EG,PK,NG,DZ,FR,ET,BE,NL,IT,TW,CA,CH,LY,TN,HK,DO,FI,CR,MG,HU,PA,KR,BD,KH,MN,LV,AZ,TR,HR,BR,AT,UZ,GE,CU,UA,SG,LT,EC,MD,HN,SE,IR,IL,KG,IE,JO,IQ,MX,CZ,JM"
"51","human enterovirus c","human enterovirus c","Northern Africa, Eastern Africa, Middle Africa, Southern Africa, Western Africa, Caribbean, Central America, South America, Northern America, Central Asia, Eastern Asia, South-eastern Asia, Southern Asia, Western Asia, Eastern Europe, Northern Europe, Southern Europe, Western Europe, Australia and New Zealand","IL,CF,BY,SO,CN,CM,LR,TD,MA,AU,IT,GT,CU,IN,JP,NL,TW,NG,GB,SD,PK,EG,ZM,TN,US,GR,VN,DO,CY,CO,MG,CD,MY,RU,KR,BD,KH,MN,EC,FI,AR,ZA,TR,BR,NI,ID,SN,BJ,IQ,AM,SY,FR,CI,GE,SG,AF,CA,BF,AO,HK,PH,KE,NP,GH,DK,GF,TM,DE,NE,LA,MX,IR,PS,GP,MV"
"52","porcine enterovirus a","porcine enterovirus a",NA,NA
"53","porcine enterovirus b","porcine enterovirus b","Eastern Asia, Northern Europe, Southern Europe","TW,IT,CN,GB"
"54","simian enterovirus a","simian enterovirus a",NA,NA
"55","european bat lyssavirus 1","european bat lyssavirus 1","Eastern Europe, Northern Europe, Southern Europe, Western Europe","PT,FR,ES,GB,IT,CH,AT,BE,NL,SI,SK,RO,PL,CZ,HU,HR,BA,RS,AL,BG,MK,GR,UA,MD,BY,EE,LT,LV,NO,SE,FI,DE,DK"
"56","european bat lyssavirus 2","european bat lyssavirus 2","Northern Europe, Western Europe","GB,CH,FI,NL,DE"
"57","everglades","everglades",NA,NA
"58","foot-and-mouth disease","foot-and-mouth disease",NA,NA
"59","gan gan","gan gan",NA,NA
"60","guama","guama",NA,NA
"61","guanarito","guanarito",NA,NA
"62","guaroa","guaroa",NA,NA
"63","hantaan","hantaan","Eastern Asia, Eastern Europe","CN,RU,KP,KR"
"64","hendra","hendra","Australia and New Zealand","AU"
"65","duck hepatitis b","duck hepatitis b",NA,NA
"66","hepatitis b","hepatitis b","South America",NA
"67","heron hepatitis b","heron hepatitis b",NA,NA
"68","human immunodeficiency virus 1","human immunodeficiency virus 1","Northern Africa, Eastern Africa, Middle Africa, Southern Africa, Western Africa, Caribbean, Central America, South America, Northern America, Central Asia, Eastern Asia, South-eastern Asia, Southern Asia, Western Asia, Eastern Europe, Northern Europe, Southern Europe, Western Europe, Australia and New Zealand, Melanesia, Micronesia, Polynesia","KE,BY,TZ,CD,TR,UG,ET,BG,CY,RW,SC,ZW,CN,MW,RO,AU,BF,ES,CH,TD,GN,AO,AG,VC,AR,LC,MX,CU,CW,GB,IN,BI,ER,RU,DZ,NL,AT,TH,GA,MY,BE,LT,DE,IT,CA,NP,NE,PT,ZM,SD,NZ,IR,CL,LY,LB,VE,GH,VN,GR,BW,MZ,KZ,CZ,DO,TN,PL,HN,MM,SK,PE,CV,GQ,IE,HU,PA,GP,PH,PR,KR,MN,HR,EC,BD,LV,AZ,GF,ZA,MQ,GY,BR,CR,ID,SN,SE,CM,UZ,TT,DM,YE,SL,GW,UA,FR,HT,CI,JM,US,GE,DJ,BS,CG,BO,SI,LU,AF,MA,JP,BJ,IL,LR,KH,CF,ML,SV,MU,CO,DK,FI,EG,TW,UY,EE,GM,BB,NG,AL,GD,NO,HK,MS,PK,SR,SA,SG,SO,FJ,PY,PG,SB,NC,PF,WS,GT,UM,GU,TG,MV"
"69","human immunodeficiency virus 2","human immunodeficiency virus 2",NA,NA
"70","human mastadenovirus a","human mastadenovirus a",NA,NA
"71","human mastadenovirus b","human mastadenovirus b",NA,NA
"72","human mastadenovirus c","human mastadenovirus c",NA,NA
"73","human mastadenovirus d","human mastadenovirus d",NA,NA
"74","human mastadenovirus e","human mastadenovirus e",NA,NA
"75","human mastadenovirus f","human mastadenovirus f",NA,NA
"76","human adenovirus a","human adenovirus a",NA,NA
"77","human adenovirus b","human adenovirus b","Northern Africa, Central America, South America, Northern America, Eastern Asia, South-eastern Asia, Western Asia, Northern Europe, Southern Europe, Western Europe, Australia and New Zealand","IL,JP,MA,AT,GB,PT,KR,AU,US,MX,TW,SA,IE,TH,CA,MY,TR,IT,NL,CN,EG,SG,ES,AR"
"78","human adenovirus c","human adenovirus c","Northern Africa, Southern Africa, Central America, South America, Northern America, Eastern Asia, South-eastern Asia, Southern Asia, Western Asia, Eastern Europe, Northern Europe, Southern Europe, Western Europe","JP,MA,GB,US,IR,BR,HU,PY,DE,AZ,MX,RU,MY,ZA,AR,AM,CN,EG,VN,TW,IT"
"79","human adenovirus d","human adenovirus d",NA,NA
"80","human adenovirus e","human adenovirus e",NA,NA
"81","human adenovirus f","human adenovirus f",NA,NA
"82","human astrovirus","human astrovirus",NA,NA
"83","human gammaherpesvirus 4","human gammaherpesvirus 4",NA,NA
"84","human gammaherpesvirus 8","human gammaherpesvirus 8",NA,NA
"85","human herpesvirus 1, human alphaherpesvirus 1","human herpesvirus 1","Eastern Africa, Northern America, Eastern Asia, South-eastern Asia, Southern Asia, Eastern Europe, Northern Europe, Southern Europe, Western Europe, Australia and New Zealand","JP,SE,DE,KR,US,GB,SK,ES,FR,CN,IN,NL,KE,AU,SG,TW"
"86","human alphaherpesvirus 2, human herpesvirus 2","human herpesvirus 2",NA,NA
"87","human herpesvirus 3","human herpesvirus 3",NA,NA
"88","human herpesvirus 4","human herpesvirus 4","Central America, South America, Northern America, Eastern Asia, South-eastern Asia, Eastern Europe, Northern Europe, Southern Europe, Western Europe, Australia and New Zealand, Polynesia","AU,HK,IT,MY,CN,FR,SI,JP,TW,RS,AR,RU,GB,SG,TH,CA,US,MX,BR,PF"
"89","human herpesvirus 5","human herpesvirus 5",NA,NA
"90","human herpesvirus 6","human herpesvirus 6","Eastern Africa, Middle Africa, South America, Eastern Asia, Southern Asia","IN,JP,BR,CD,CN,UG"
"91","human herpesvirus 7","human herpesvirus 7",NA,NA
"92","human herpesvirus 8","human herpesvirus 8","Eastern Africa, Middle Africa, Southern Africa, Western Africa, Caribbean, South America, Northern America, Eastern Asia, Southern Asia, Western Asia, Eastern Europe, Northern Europe, Southern Europe, Western Europe, Australia and New Zealand, Melanesia","CF,IR,ZW,SN,CM,CU,TW,NZ,SA,KW,BW,GR,IT,NC,PE,GA,US,EC,GF,BR,JP,SB,HT,RU,CG,CD,FR,ZA,CN,GB,MW,IL,HU,GM,AR,UG,AU,ZM,NL"
"93","human metapneumovirus","human metapneumovirus","Northern Africa, Southern Africa, South America, Northern America, Eastern Asia, South-eastern Asia, Southern Asia, Western Asia, Northern Europe, Southern Europe, Western Europe, Australia and New Zealand","KR,DE,CN,HK,IT,CA,GB,US,TH,HR,DK,BR,IN,JP,AU,ES,KH,FR,SG,EG,ZA,IL,TW"
"94","human norovirus-alphatron","human norovirus-alphatron",NA,NA
"95","human papillomavirus 1","human papillomavirus 1",NA,NA
"96","human papillomavirus 10","human papillomavirus 10",NA,NA
"97","human papillomavirus 16","human papillomavirus 16",NA,NA
"98","human papillomavirus 18","human papillomavirus 18",NA,NA
"99","human papillomavirus 2","human papillomavirus 2",NA,NA
"100","human papillomavirus 26","human papillomavirus 26",NA,NA
"101","human papillomavirus 32","human papillomavirus 32",NA,NA
"102","human papillomavirus 34","human papillomavirus 34",NA,NA
"103","human papillomavirus 4","human papillomavirus 4",NA,NA
"104","human papillomavirus 41","human papillomavirus 41",NA,NA
"105","human papillomavirus 48","human papillomavirus 48",NA,NA
"106","human papillomavirus 49","human papillomavirus 49",NA,NA
"107","human papillomavirus 5","human papillomavirus 5","Northern America, Southern Europe","US,IT,SI"
"108","human papillomavirus 50","human papillomavirus 50",NA,NA
"109","human papillomavirus 53","human papillomavirus 53",NA,NA
"110","human papillomavirus 54","human papillomavirus 54",NA,NA
"111","human papillomavirus 6","human papillomavirus 6",NA,NA
"112","human papillomavirus 60","human papillomavirus 60",NA,NA
"113","human papillomavirus 61","human papillomavirus 61",NA,NA
"114","human papillomavirus 63","human papillomavirus 63",NA,NA
"115","human papillomavirus 7","human papillomavirus 7",NA,NA
"116","human papillomavirus 71","human papillomavirus 71",NA,NA
"117","human papillomavirus 88","human papillomavirus 88",NA,NA
"118","human papillomavirus 9","human papillomavirus 9","Southern Europe","IT"
"119","human papillomavirus cand90","human papillomavirus cand90",NA,NA
"120","human papillomavirus cand92","human papillomavirus cand92",NA,NA
"121","human papillomavirus cand96","human papillomavirus cand96",NA,NA
"122","human parainfluenza virus 1","human parainfluenza virus 1","Northern America, Southern Asia","IN,US"
"123","human parainfluenza virus 2","human parainfluenza virus 2",NA,NA
"124","human parainfluenza virus 3","human parainfluenza virus 3","Northern America, Eastern Asia, Western Asia, Northern Europe","SA,CN,CA,JP,US,GB"
"125","human parainfluenza virus 4","human parainfluenza virus 4",NA,NA
"126","human parechovirus","human parechovirus",NA,NA
"127","human parvovirus b19","human parvovirus b19",NA,NA
"128","human picobirnavirus","human picobirnavirus",NA,NA
"129","human polyomavirus","human polyomavirus",NA,NA
"130","human respiratory syncytial","human respiratory syncytial",NA,NA
"131","human rhinovirus a","human rhinovirus a",NA,NA
"132","human rhinovirus b","human rhinovirus b",NA,NA
"133","human torovirus","human torovirus",NA,NA
"134","ilheus","ilheus",NA,NA
"135","isfahan","isfahan",NA,NA
"136","japanese encephalitis","japanese encephalitis","Eastern Asia, South-eastern Asia, Southern Asia, Australia and New Zealand, Melanesia","MM,TH,LA,KH,VN,MY,PH,BN,IN,NP,BT,PK,CN,KR,KP,TW,JP,PG,AU,TL"
"137","juquitiba","juquitiba","South America","BR"
"138","kairi","kairi",NA,NA
"139","kemerovo","kemerovo",NA,NA
"140","kokobera","kokobera",NA,NA
"141","koutango","koutango",NA,NA
"142","kyasanur forest disease","kyasanur forest disease",NA,NA
"143","laguna negra","laguna negra","South America","AR,BO,PY"
"144","lassa","lassa","Northern Africa, Eastern Africa, Middle Africa, Western Africa","SN,GM,GW,GN,SL,LR,CI,GH,ML,BF,TG,BJ,NE,NG,CD,CG,GA,GQ,CM,CF,SS,SD,TD"
"145","louping ill","louping ill","Western Europe",NA
"146","lymphocytic choriomeningitis, lymphocytic choriomeningitis mammarenavirus","lymphocytic choriomeningitis","Northern Africa, Eastern Africa, Central America, South America, Northern America, Eastern Asia, South-eastern Asia, Eastern Europe, Northern Europe, Southern Europe, Western Europe, Australia and New Zealand, Melanesia, Polynesia","US,CA,MX,CO,VE,GY,SR,GF,EC,BR,PE,BO,CL,AR,PY,UY,PT,FR,ES,GB,IT,CH,AT,BE,NL,SI,SK,RO,PL,CZ,HU,HR,BA,RS,AL,BG,MK,GR,UA,MD,BY,EE,LT,LV,NO,SE,FI,MM,TH,LA,KH,VN,MY,PH,BN,AU,PG,ID,NC,SB,CK,FJ,DZ,KE,SO,JP"
"147","machupo","machupo","South America","BO"
"148","lake victoria marburgvirus, marburg marburgvirus","marburg","Eastern Africa, Middle Africa, Southern Africa, Western Europe","AO,CD,KE,UG,ZM,ZA,DE"
"149","marituba","marituba",NA,NA
"150","mayaro","mayaro",NA,NA
"151","measles","measles",NA,NA
"152","menangle","menangle","Australia and New Zealand","AU"
"153","modoc","modoc",NA,NA
"154","mokola","mokola","Northern Africa, Eastern Africa, Middle Africa, Southern Africa, Western Africa","SN,GM,GW,GN,SL,LR,CI,GH,ML,BF,TG,BJ,NE,NG,SO,ET,KE,UG,TZ,BI,RW,CD,CG,GA,GQ,CM,CF,SS,SD,TD,ZA"
"155","molluscum contagiosum","molluscum contagiosum",NA,NA
"156","monkeypox","monkeypox","Northern Africa, Eastern Africa, Middle Africa, Western Africa","SN,GM,GW,GN,SL,LR,CI,GH,ML,BF,TG,BJ,NE,NG,CD,CG,GA,GQ,CM,CF,SS,SD,TD"
"157","mumps","mumps",NA,NA
"158","murray valley encephalitis","murray valley encephalitis","Australia and New Zealand, Melanesia","AU,PG"
"159","nipah","nipah","South-eastern Asia, Southern Asia","IN,BD,MY"
"160","norwalk","norwalk",NA,NA
"161","omsk hemorrhagic fever, omsk","omsk",NA,NA
"162","orf","orf","South America",NA
"163","oriboca","oriboca",NA,NA
"164","oropouche","oropouche","Caribbean, Central America, South America","PA,PE,BR,TT"
"165","orungo","orungo",NA,NA
"166","canine parainfluenza","canine parainfluenza",NA,NA
"167","pixuna","pixuna",NA,NA
"168","powassan","powassan",NA,NA
"169","primate t-lymphotropic virus 1","primate t-lymphotropic virus 1","Northern Africa, Eastern Africa, Middle Africa, Southern Africa, Western Africa, Caribbean, Central America, South America, Northern America, Eastern Asia, South-eastern Asia, Southern Asia, Eastern Europe, Northern Europe, Southern Europe, Western Europe, Australia and New Zealand, Melanesia, Polynesia","CF,CN,ES,AR,GA,IN,CA,PT,CL,GQ,VU,RU,GP,SR,ZA,US,BR,GY,SE,CI,IR,BO,DE,JP,JM,PE,MZ,CO,MQ,CM,GF,EG,NG,ID,GW,TW,GB,FR,SB,TT,CD,MV,HT,PF,AU,PA"
"170","primate t-lymphotropic virus 2","primate t-lymphotropic virus 2","Middle Africa, Western Africa, Central America, South America, Northern America, Northern Europe, Southern Europe","ES,AR,VE,US,IE,IT,BR,CM,GF,PT,PA,MX,GB,NG"
"171","primate t-lymphotropic virus 3","primate t-lymphotropic virus 3","Eastern Africa, Middle Africa","CM,ET"
"172","primate t-lymphotropic virus 4","primate t-lymphotropic virus 4",NA,NA
"173","pseudocowpox","pseudocowpox",NA,NA
"174","punta toro","punta toro",NA,NA
"175","puumala","puumala","Central Asia, Western Asia, Eastern Europe, Northern Europe, Southern Europe, Western Europe","ES,IT,DE,BE,NL,DK,NO,SE,FI,PL,LT,LV,EE,KZ,UA,CZ,SI,SK,HR,CH,AT,RO,HU,BA,RS,BG,GR,TR,MK"
"176","rabies, rabies lyssavirus","rabies","Northern Africa, Eastern Africa, Middle Africa, Southern Africa, Western Africa, Caribbean, Central America, South America, Northern America, Central Asia, Eastern Asia, South-eastern Asia, Southern Asia, Western Asia, Eastern Europe, Northern Europe, Southern Europe, Western Europe, Australia and New Zealand, Melanesia, Micronesia, Polynesia","AG,DZ,AZ,AL,AM,AO,AS,AR,AU,BH,BB,BM,BS,BD,BZ,BA,BO,MM,BJ,SB,BR,BG,BN,CA,KH,LK,CG,CD,BI,CN,AF,BT,CL,KY,CM,TD,KM,CO,CR,CF,CU,CV,CK,CY,DK,DJ,DM,DO,EC,EG,IE,GQ,EE,ER,SV,ET,AT,CZ,GF,FI,FJ,FK,FM,PF,FR,GM,GA,GE,GH,GD,GL,DE,GU,GR,GT,GN,GY,HT,HN,HR,HU,IS,IN,IR,IL,IT,CI,IQ,JP,JM,JO,KE,KG,KP,KI,KR,KW,KZ,LA,LB,LV,BY,LT,LR,SK,LI,LY,MG,MQ,MN,MS,MK,ML,MA,MU,MR,MT,OM,MV,MX,MY,MZ,MW,NC,NU,NE,AW,AI,BE,HK,MP,FO,AD,GI,IM,LU,MO,MC,PS,ME,YT,AX,NF,CC,BV,TF,HM,IO,CX,UM,VU,NG,NL,NO,NP,NR,SR,NI,NZ,PY,PE,PK,PL,PA,PT,PG,GW,QA,RE,RO,MD,PH,PR,RU,RW,SA,KN,SC,ZA,LS,BW,SN,SI,SL,SG,SO,ES,LC,SD,SE,SY,CH,TT,TH,TJ,TK,TO,TG,ST,TN,TR,TV,TM,TZ,UG,GB,UA,US,BF,UY,UZ,VC,VE,VG,VN,VI,WF,WS,SZ,YE,ZM,ZW,ID,GP,AN,AE,TL,PN,PW,MH,PM,SH,SM,TC,EH,RS,VA,MF,BL,GG,JE,GS,TW"
"177","reston ebolavirus","reston ebolavirus",NA,NA
"178","rift valley fever, rift valley phlebovirus","rift valley","Northern Africa, Eastern Africa, Middle Africa, Southern Africa, Western Africa","SN,GM,GW,GN,SL,LR,CI,GH,ML,BF,TG,BJ,NE,NG,CD,CG,GA,GQ,CM,CF,SS,SD,TD,SO,ET,KE,UG,TZ,BI,RW,ZA,LS,BW,ZW,ZM,AO,MZ"
"179","rio bravo","rio bravo",NA,NA
"180","rio mamore","rio mamore","South America","BR,BO"
"181","ross river","ross river","South-eastern Asia, Australia and New Zealand, Melanesia, Polynesia","AU,PG,ID,NC,FJ,AS,CK"
"182","rotavirus a","rotavirus a","Northern Africa, Eastern Africa, Middle Africa, Southern Africa, Western Africa, Caribbean, Central America, South America, Northern America, Eastern Asia, South-eastern Asia, Southern Asia, Western Asia, Eastern Europe, Northern Europe, Southern Europe, Western Europe, Australia and New Zealand","KE,IL,ZW,ET,ZA,IN,CN,MW,JP,CM,DK,ES,AU,BR,IE,AR,DE,BE,TR,EC,NG,US,TW,TH,GB,GW,GH,VN,IT,MM,FI,CD,HU,MY,KR,RU,BD,PY,CU,NP,LY,MX,FR,CI,MA,NZ,SI,PK,EG,SA,IR,PH,HK,CA"
"183","rotavirus b","rotavirus b","Eastern Asia, South-eastern Asia, Southern Asia","CN,MM,BD,IN"
"184","rotavirus c","rotavirus c","South America, Northern America, Eastern Asia, South-eastern Asia, Southern Asia, Western Asia, Eastern Europe, Northern Europe, Southern Europe, Australia and New Zealand","TR,VE,AU,CN,US,GB,JP,BR,CO,KR,ES,BD,RU,IN,TH"
"185","rotavirus d","rotavirus d","South America, Southern Asia, Western Europe","BR,IN,DE"
"186","rotavirus e","rotavirus e",NA,NA
"187","rotavirus f","rotavirus f",NA,NA
"188","saaremaa","saaremaa",NA,NA
"189","sapporo","sapporo",NA,NA
"190","semliki forest","semliki forest",NA,NA
"191","seoul","seoul","Northern Africa, Eastern Africa, Middle Africa, Southern Africa, Western Africa, Caribbean, Central America, South America, Northern America, Central Asia, Eastern Asia, South-eastern Asia, Southern Asia, Western Asia, Eastern Europe, Northern Europe, Southern Europe, Western Europe, Australia and New Zealand, Melanesia, Micronesia, Polynesia","AG,DZ,AZ,AL,AM,AO,AS,AR,AU,BH,BB,BM,BS,BD,BZ,BA,BO,MM,BJ,SB,BR,BG,BN,CA,KH,LK,CG,CD,BI,CN,AF,BT,CL,KY,CM,TD,KM,CO,CR,CF,CU,CV,CK,CY,DK,DJ,DM,DO,EC,EG,IE,GQ,EE,ER,SV,ET,AT,CZ,GF,FI,FJ,FK,FM,PF,FR,GM,GA,GE,GH,GD,GL,DE,GU,GR,GT,GN,GY,HT,HN,HR,HU,IS,IN,IR,IL,IT,CI,IQ,JP,JM,JO,KE,KG,KP,KI,KR,KW,KZ,LA,LB,LV,BY,LT,LR,SK,LI,LY,MG,MQ,MN,MS,MK,ML,MA,MU,MR,MT,OM,MV,MX,MY,MZ,MW,NC,NU,NE,AW,AI,BE,HK,MP,FO,AD,GI,IM,LU,MO,MC,PS,ME,YT,AX,NF,CC,BV,TF,HM,IO,CX,UM,VU,NG,NL,NO,NP,NR,SR,NI,NZ,PY,PE,PK,PL,PA,PT,PG,GW,QA,RE,RO,MD,PH,PR,RU,RW,SA,KN,SC,ZA,LS,BW,SN,SI,SL,SG,SO,ES,LC,SD,SE,SY,CH,TT,TH,TJ,TK,TO,TG,ST,TN,TR,TV,TM,TZ,UG,GB,UA,US,BF,UY,UZ,VC,VE,VG,VN,VI,WF,WS,SZ,YE,ZM,ZW,ID,GP,AN,AE,TL,PN,PW,MH,PM,SH,SM,TC,EH,RS,VA,MF,BL,GG,JE,GS,TW"
"192","shuni, shuni orthobunyavirus","shuni",NA,NA
"193","sin nombre","sin nombre","Northern America","US,CA"
"194","sindbis","sindbis","Eastern Europe, Northern Europe","SE,FI,RU,NO"
"195","tacaiuma","tacaiuma",NA,NA
"196","tacaribe","tacaribe",NA,NA
"197","tai forest ebolavirus, cote d'ivoire ebolavirus","tai forest ebolavirus",NA,NA
"198","tanapox","tanapox",NA,NA
"199","thailand","thailand",NA,NA
"200","thogoto","thogoto",NA,NA
"201","tick-borne encephalitis","tick-borne encephalitis","Eastern Europe, Northern Europe, Southern Europe","SI,SK,RO,PL,CZ,HU,HR,BA,RS,AL,BG,MK,GR,UA,MD,BY,EE,LT,LV"
"202","tick-borne encephalitis (far eastern), tick-borne encephalitis (siberian)","tick-borne encephalitis (far eastern)",NA,NA
"203","tioman","tioman",NA,NA
"204","trubanaman","trubanaman",NA,NA
"205","tula","tula",NA,NA
"206","una","una",NA,NA
"207","usutu","usutu","Northern Africa, Eastern Africa, Middle Africa, Western Africa, Southern Europe, Western Europe","SN,CF,NG,UG,BF,CI,MA,IT,AT"
"208","vaccinia","vaccinia",NA,NA
"209","venezuelan equine encephalitis","venezuelan equine encephalitis","Central America, South America, Northern America","US,MX,BZ,GT,HN,SV,NI,CR,PA,CO,VE,EC,PE,BO"
"210","vesicular stomatitis","vesicular stomatitis",NA,NA
"211","vesicular stomatitis alagoas","vesicular stomatitis alagoas",NA,NA
"212","vesicular stomatitis indiana","vesicular stomatitis indiana",NA,NA
"213","vesicular stomatitis new jersey","vesicular stomatitis new jersey",NA,NA
"214","wesselsbron","wesselsbron","Eastern Africa, Western Africa, Southern Africa",NA
"215","west nile","west nile","Northern Africa, Eastern Africa, Middle Africa, Caribbean, Central America, South America, Northern America, Western Asia, Eastern Europe, Southern Europe, Western Europe, Australia and New Zealand, Melanesia","CA,UA,AR,MX,CU,HT,FR,IT,MA,DZ,TN,CD,DJ,TR,RO,RU,HU,AU,PG"
"216","western equine encephalomyelitis, western equine encephalitis","western equine encephalitis","South America, Northern America","CA,US,AR"
"217","whitewater arroyo","whitewater arroyo",NA,NA
"218","wyeomyia","wyeomyia",NA,NA
"219","yellow fever","yellow fever","Northern Africa, Eastern Africa, Middle Africa, Western Africa, Caribbean, South America","SN,GM,GW,GN,SL,LR,CI,GH,ML,BF,TG,BJ,NE,NG,CD,CG,GA,GQ,CM,CF,SS,SD,TD,SO,ET,KE,UG,TZ,BI,RW,VE,EC,PE,BO,PY,BR,SR,GY,GF,TT"
"220","zaire ebolavirus","zaire ebolavirus","Northern Africa, Eastern Africa, Middle Africa, Southern Africa, Western Africa, Eastern Asia, Eastern Europe","CI,CD,UG,CG,GA,SD,ZA,CN,RU"
"221","zika","zika",NA,NA
"222","new york, new york-1","new york",NA,NA
"223","allpahuayo, allpaahuayo","allpaahuayo",NA,NA
"224","aravan","aravan",NA,NA
"225","bear canyon","bear canyon",NA,NA
"226","el moro canyon","el moro canyon",NA,NA
"227","equine encephalosis","equine encephalosis",NA,NA
"228","eyach","eyach",NA,NA
"229","fort morgan","fort morgan",NA,NA
"230","ippy","ippy",NA,NA
"231","irkut","irkut",NA,NA
"232","isla vista","isla vista",NA,NA
"233","khabarovsk","khabarovsk",NA,NA
"234","khujand","khujand",NA,NA
"235","lagos bat","lagos bat",NA,NA
"236","mobala","mobala",NA,NA
"237","mopeia","mopeia",NA,NA
"238","muleshoe","muleshoe",NA,NA
"239","nelson bay orthoreovirus","nelson bay orthoreovirus","Western Africa, South-eastern Asia, Australia and New Zealand","MY,AU,NG"
"240","pirital","pirital",NA,NA
"241","ovine respiratory syncytial","ovine respiratory syncytial",NA,NA
"242","rio segundo","rio segundo",NA,NA
"243","rubella","rubella",NA,NA
"244","tamiami","tamiami",NA,NA
"245","topografov","topografov",NA,NA
"246","west caucasian bat","west caucasian bat",NA,NA
"247","caprine arthritis encephalitis","caprine arthritis encephalitis",NA,NA
